Stimulus Number,Speaker Number,Affect Number,Affect Name,Sex,Variant,Number of Raters,meanValence,stdValence,meanArousal,stdArousal,meanDominance,stdDominance
1,1,1,happy,male,speech,153,0.30254902,0.301953136,0.190718954,0.309586109,-0.045555556,0.325663066
2,1,2,joyful,male,speech,153,0.692745098,0.302466256,0.735490196,0.23565402,0.323529412,0.424035237
3,1,3,mellow,male,speech,153,0.272614379,0.265847135,-0.427254902,0.376270191,-0.288366013,0.35514537
4,1,4,tranquil,male,speech,153,0.133529412,0.412269825,-0.847973856,0.202888223,-0.60496732,0.357417867
5,1,5,dark,male,speech,153,-0.227843137,0.306720645,-0.798954248,0.231338108,-0.525490196,0.353817417
6,1,6,depressed,male,speech,153,-0.332941176,0.317400798,-0.834640523,0.198491105,-0.59745098,0.343569746
7,1,7,worried,male,speech,153,-0.192222222,0.356948364,-0.26,0.396607323,-0.429215686,0.356897319
8,1,8,frightened,male,speech,153,-0.767124183,0.270670885,0.609150327,0.38539786,-0.490065359,0.483017512
9,1,9,confident,male,speech,153,0.025424837,0.174038664,-0.389346405,0.352184299,-0.167843137,0.328897563
10,1,10,thrilled,male,speech,153,-0.065686275,0.475258606,0.676339869,0.253270065,0.475294118,0.33313317
11,1,11,satisfied,male,speech,153,0.065947712,0.203652303,-0.478104575,0.311297691,-0.234444444,0.311171151
12,1,12,serene,male,speech,153,0.186405229,0.365561238,-0.718954248,0.305315116,-0.441503268,0.386539593
13,1,13,contemptuous,male,speech,153,-0.261830065,0.313136589,-0.429673203,0.333704128,0.007777778,0.464827674
14,1,14,miserable,male,speech,153,-0.720588235,0.258643311,-0.526797386,0.361150671,-0.65627451,0.277149215
15,1,15,annoyed,male,speech,153,-0.51248366,0.403558645,0.688496732,0.236431172,0.575555556,0.319250539
16,1,16,enraged,male,speech,153,-0.82248366,0.285443517,0.900457516,0.139209894,0.786339869,0.29709504
17,2,1,happy,female,speech,149,0.288993289,0.336551962,0.525771812,0.261407782,0.261409396,0.267422684
18,2,2,joyful,female,speech,457,0.40833698,0.434446452,0.726870897,0.252257463,0.294989059,0.367265933
19,2,3,mellow,female,speech,149,0.065704698,0.197693644,-0.240604027,0.304271901,-0.117651007,0.307486298
20,2,4,tranquil,female,speech,149,0.029060403,0.256463322,-0.571879195,0.321710734,-0.322751678,0.359947179
21,2,5,dark,female,speech,207,-0.228985507,0.279217761,-0.719613527,0.292791794,-0.432657005,0.35919164
22,2,6,depressed,female,speech,149,-0.191073826,0.296589034,-0.697718121,0.276618385,-0.427114094,0.35675015
23,2,7,worried,female,speech,964,-0.208620332,0.342035725,0.077022822,0.356990064,-0.174885892,0.367070986
24,2,8,frightened,female,speech,207,-0.649130435,0.304475065,0.805797101,0.211433428,-0.073478261,0.570816549
25,2,9,confident,female,speech,149,0.287718121,0.277172307,0.35704698,0.274567235,0.229932886,0.276264896
26,2,10,thrilled,female,speech,149,-0.024496644,0.45983316,0.698791946,0.221078171,0.379932886,0.335745433
27,2,11,satisfied,female,speech,149,0.258187919,0.236054431,0.026778523,0.303589491,0.059261745,0.285378113
28,2,12,serene,female,speech,149,0.214899329,0.271508841,-0.558389262,0.313963475,-0.283355705,0.360706159
29,2,13,contemptuous,female,speech,535,-0.062280374,0.26845451,-0.008130841,0.301237556,0.174542056,0.32266233
30,2,14,miserable,female,speech,645,-0.363813953,0.33456428,-0.509023256,0.350059189,-0.363968992,0.379737649
31,2,15,annoyed,female,speech,587,-0.4620954,0.3714645,0.404361158,0.298342507,0.452112436,0.310259114
32,2,16,enraged,female,speech,595,-0.563731092,0.468569564,0.814773109,0.219142207,0.713058824,0.303467705
33,5,1,happy,male,speech,149,0.458590604,0.280561744,0.586375839,0.23834229,0.377181208,0.305837531
34,5,2,joyful,male,speech,149,0.301409396,0.474264751,0.684362416,0.244253751,0.392281879,0.301344108
35,5,3,mellow,male,speech,207,0.132222222,0.262563703,-0.054879227,0.347720538,0.007004831,0.310237483
36,5,4,tranquil,male,speech,149,0.204630872,0.324968862,-0.506979866,0.343725033,-0.144496644,0.401196582
37,5,5,dark,male,speech,149,-0.216912752,0.319435523,-0.519395973,0.361962049,0.030738255,0.450691802
38,5,6,depressed,male,speech,149,-0.28590604,0.333000311,-0.741073826,0.299542762,-0.395503356,0.398123022
39,5,7,worried,male,speech,207,-0.312222222,0.298017542,-0.196038647,0.400819256,-0.396570048,0.347465614
40,5,8,frightened,male,speech,474,-0.299556962,0.539548411,0.847257384,0.215859728,-0.051118143,0.577111909
41,5,9,confident,male,speech,645,0.301922481,0.290098549,0.285953488,0.269059607,0.221658915,0.296156342
42,5,10,thrilled,male,speech,149,0.33442953,0.383179061,0.731073826,0.259250846,0.596375839,0.324739427
43,5,11,satisfied,male,speech,207,0.341449275,0.298434143,0.139178744,0.300812495,0.101884058,0.295821755
44,5,12,serene,male,speech,149,0.052214765,0.314373778,-0.614228188,0.34208854,-0.224899329,0.463817324
45,5,13,contemptuous,male,speech,454,-0.417643172,0.389898889,-0.019273128,0.37502983,0.250969163,0.390856798
46,5,14,miserable,male,speech,207,-0.417729469,0.355245251,-0.778454106,0.252083602,-0.529323671,0.355793284
47,5,15,annoyed,male,speech,149,-0.456778523,0.359538496,0.518053691,0.301329661,0.493489933,0.309227298
48,5,16,enraged,male,speech,645,-0.793984496,0.321882708,0.82979845,0.216709131,0.793550388,0.256752199
49,7,1,happy,male,speech,149,0.367315436,0.240536087,0.273489933,0.304515402,0.02738255,0.310875825
50,7,2,joyful,male,speech,149,0.510067114,0.296330022,0.631879195,0.279363101,0.12261745,0.40790234
51,7,3,mellow,male,speech,149,0.294563758,0.259907684,-0.376912752,0.379458895,-0.253557047,0.333375597
52,7,4,tranquil,male,speech,149,0.223355705,0.322801526,-0.663691275,0.327821122,-0.404832215,0.41465812
53,7,5,dark,male,speech,149,-0.080201342,0.319529785,-0.550067114,0.330021491,-0.362483221,0.336459921
54,7,6,depressed,male,speech,645,-0.224496124,0.358256998,-0.70151938,0.304585838,-0.424341085,0.378662744
55,7,7,worried,male,speech,508,-0.095531496,0.46316499,0.147145669,0.402046445,-0.284429134,0.390503984
56,7,8,frightened,male,speech,149,-0.339060403,0.485254659,0.625369128,0.297358923,-0.249328859,0.534335486
57,7,9,confident,male,speech,149,0.280872483,0.204056606,0.135369128,0.312450047,0.045369128,0.299327001
58,7,10,thrilled,male,speech,149,0.453758389,0.28755605,0.526174497,0.317791359,0.289932886,0.332296466
59,7,11,satisfied,male,speech,149,0.275369128,0.225294173,0.042684564,0.297904009,-0.029261745,0.298530396
60,7,12,serene,male,speech,149,0.199060403,0.308245563,-0.62738255,0.300500474,-0.366577181,0.364724575
61,7,13,contemptuous,male,speech,149,-0.088389262,0.323373408,0.133288591,0.348883243,0.042348993,0.369776027
62,7,14,miserable,male,speech,149,-0.517785235,0.313034075,0.02885906,0.440360004,-0.484563758,0.33448525
63,7,15,annoyed,male,speech,149,-0.142080537,0.37399645,0.445167785,0.250854227,0.316711409,0.330588016
64,7,16,enraged,male,speech,149,-0.745100671,0.273904741,0.761610738,0.264759113,0.71,0.278091954
65,10,1,happy,male,speech,649,0.194992296,0.248117682,0.103035439,0.275655,0.067349769,0.273594166
66,10,2,joyful,male,speech,497,0.535855131,0.331754444,0.680643863,0.254126405,0.26221328,0.362718136
67,10,3,mellow,male,speech,153,0.192941176,0.209817848,-0.341699346,0.377208917,-0.219411765,0.345914568
68,10,4,tranquil,male,speech,153,0.065294118,0.267785899,-0.683137255,0.295094701,-0.541176471,0.35376163
69,10,5,dark,male,speech,498,-0.085381526,0.261835256,-0.527710843,0.35995917,-0.295421687,0.382829562
70,10,6,depressed,male,speech,153,-0.311045752,0.34748753,-0.887385621,0.195026217,-0.592156863,0.399651067
71,10,7,worried,male,speech,153,0.095686275,0.163118316,0.267058824,0.27150381,0.104509804,0.23172392
72,10,8,frightened,male,speech,591,-0.344145516,0.394639384,0.592284264,0.292473427,-0.23857868,0.466415844
73,10,9,confident,male,speech,153,0.185816993,0.236102159,0.281176471,0.273664079,0.320718954,0.321311262
74,10,10,thrilled,male,speech,153,-0.000196078,0.485087445,0.747712418,0.26503847,0.627189542,0.351344144
75,10,11,satisfied,male,speech,153,0.151699346,0.181727061,-0.083921569,0.28669908,-0.065686275,0.28374786
76,10,12,serene,male,speech,153,0.206993464,0.272698708,-0.637908497,0.329060972,-0.377320261,0.374511975
77,10,13,contemptuous,male,speech,153,0.014313725,0.192636707,-0.228496732,0.317829339,-0.004705882,0.327446377
78,10,14,miserable,male,speech,492,-0.212601626,0.446866597,-0.350609756,0.40623004,-0.355223577,0.392418672
79,10,15,annoyed,male,speech,153,0.063398693,0.384084974,0.589150327,0.276529116,0.350653595,0.336216709
80,10,16,enraged,male,speech,474,-0.633459916,0.447011514,0.832552743,0.239200621,0.783312236,0.264678591
81,12,1,happy,male,speech,497,0.405734406,0.292839123,0.26028169,0.288584422,0.114205231,0.288616385
82,12,2,joyful,male,speech,153,0.58620915,0.364343329,0.613921569,0.271063294,0.306078431,0.386078863
83,12,3,mellow,male,speech,153,0.182352941,0.232980586,0.01496732,0.333648342,0.104509804,0.327454178
84,12,4,tranquil,male,speech,153,0.503986928,0.291512255,-0.239346405,0.412354716,-0.08875817,0.430463826
85,12,5,dark,male,speech,153,-0.232679739,0.287122765,-0.628300654,0.302332578,-0.395228758,0.337876661
86,12,6,depressed,male,speech,153,-0.32372549,0.332274622,-0.810980392,0.253106397,-0.588300654,0.336404735
87,12,7,worried,male,speech,153,-0.282091503,0.336281237,0.457908497,0.295734264,-0.191633987,0.451808439
88,12,8,frightened,male,speech,153,-0.543529412,0.362134517,0.835686275,0.181835541,-0.147385621,0.563291281
89,12,9,confident,male,speech,153,0.446862745,0.264384764,0.094313725,0.37717922,0.247973856,0.412110038
90,12,10,thrilled,male,speech,211,0.515687204,0.358799422,0.745308057,0.241365707,0.477203791,0.314593087
91,12,11,satisfied,male,speech,153,0.175294118,0.261808133,0.100261438,0.311549497,0.149869281,0.319862197
92,12,12,serene,male,speech,153,-0.072941176,0.316096426,-0.609477124,0.330553346,-0.224248366,0.435454531
93,12,13,contemptuous,male,speech,591,-0.22143824,0.353942151,0.225651438,0.262309573,0.330338409,0.298274508
94,12,14,miserable,male,speech,464,-0.31950431,0.382980767,-0.488987069,0.367097729,-0.438211207,0.363611045
95,12,15,annoyed,male,speech,153,-0.331633987,0.329522097,0.673856209,0.244688643,0.36248366,0.387307305
96,12,16,enraged,male,speech,153,-0.822745098,0.278015134,0.893398693,0.207101435,0.827843137,0.253869893
97,13,1,happy,female,speech,149,0.131342282,0.213913527,-0.26295302,0.322717564,-0.150671141,0.316466267
98,13,2,joyful,female,speech,149,0.039463087,0.475655714,0.636845638,0.263918208,0.264966443,0.375246989
99,13,3,mellow,female,speech,149,-0.026577181,0.224739404,-0.342348993,0.33094743,-0.181812081,0.335927626
100,13,4,tranquil,female,speech,149,0.083691275,0.296087891,-0.493221477,0.347234768,-0.288187919,0.33376447
101,13,5,dark,female,speech,207,-0.318743961,0.309563374,-0.709323671,0.30744883,-0.464009662,0.356789704
102,13,6,depressed,female,speech,207,-0.428067633,0.343009433,-0.790048309,0.26642272,-0.580628019,0.329336037
103,13,7,worried,female,speech,149,-0.501275168,0.302840803,0.090201342,0.412917225,-0.471744966,0.328739878
104,13,8,frightened,female,speech,149,-0.392013423,0.399342331,0.747651007,0.223293496,-0.099932886,0.519670499
105,13,9,confident,female,speech,516,0.323682171,0.304213785,0.301860465,0.310962845,0.205503876,0.296210267
106,13,10,thrilled,female,speech,449,0.528173719,0.362122656,0.70311804,0.258226414,0.424120267,0.338618113
107,13,11,satisfied,female,speech,149,0.130134228,0.214605189,-0.084630872,0.348150564,-0.008255034,0.317325674
108,13,12,serene,female,speech,149,0.104161074,0.31324177,-0.734362416,0.271398585,-0.453691275,0.40663143
109,13,13,contemptuous,female,speech,553,-0.322712477,0.379300298,0.034846293,0.375196596,0.30039783,0.376437613
110,13,14,miserable,female,speech,149,-0.561812081,0.311749756,-0.147651007,0.439551967,-0.445234899,0.355792955
111,13,15,annoyed,female,speech,149,-0.36409396,0.307375581,0.262013423,0.323024097,0.128322148,0.395881505
112,13,16,enraged,female,speech,149,-0.612013423,0.371957895,0.784026846,0.235156416,0.515503356,0.383216184
113,14,1,happy,female,speech,149,0.27704698,0.294321261,0.500536913,0.269691478,0.182080537,0.257328466
114,14,2,joyful,female,speech,149,0.303758389,0.413910939,0.647516779,0.31239897,0.385503356,0.322459795
115,14,3,mellow,female,speech,645,0.17296124,0.265427828,0.068294574,0.293361658,0.017658915,0.312352735
116,14,4,tranquil,female,speech,207,0.217922705,0.310097125,-0.353768116,0.376134277,-0.226231884,0.345676913
117,14,5,dark,female,speech,149,-0.179060403,0.284679389,-0.481409396,0.317006736,-0.173154362,0.413377792
118,14,6,depressed,female,speech,572,-0.260786713,0.354171404,-0.760559441,0.271321024,-0.466013986,0.366495477
119,14,7,worried,female,speech,149,-0.21852349,0.32188922,0.154765101,0.30689285,-0.077986577,0.437935852
120,14,8,frightened,female,speech,487,-0.401704312,0.447464934,0.834476386,0.205187064,0.03110883,0.521397697
121,14,9,confident,female,speech,149,0.073758389,0.334606418,0.368120805,0.252392255,0.332550336,0.313369125
122,14,10,thrilled,female,speech,464,0.410258621,0.466110159,0.766594828,0.233411269,0.502176724,0.339910106
123,14,11,satisfied,female,speech,149,0.161610738,0.245406632,0.294832215,0.251161098,0.180067114,0.278566545
124,14,12,serene,female,speech,149,0.103825503,0.301376565,-0.540738255,0.359618969,-0.235436242,0.391812288
125,14,13,contemptuous,female,speech,149,-0.376711409,0.319739005,0.115033557,0.326582683,0.305503356,0.333384439
126,14,14,miserable,female,speech,149,-0.409530201,0.318629531,-0.611744966,0.297170739,-0.456442953,0.394817908
127,14,15,annoyed,female,speech,149,-0.390201342,0.326365054,0.588657718,0.275753655,0.42,0.330139201
128,14,16,enraged,female,speech,207,-0.839033816,0.328262614,0.919661836,0.139688911,0.847294686,0.224990669
129,16,1,happy,male,speech,207,0.120772947,0.219833082,-0.04294686,0.281277447,-0.001980676,0.265422249
130,16,2,joyful,male,speech,207,0.184975845,0.320230309,0.541980676,0.282450167,0.218115942,0.332258856
131,16,3,mellow,male,speech,645,0.188666667,0.259356745,0.096294574,0.292543048,0.091302326,0.28926633
132,16,4,tranquil,male,speech,645,0.125131783,0.272564067,-0.263860465,0.345928599,-0.141488372,0.321276982
133,16,5,dark,male,speech,149,-0.104295302,0.277418737,-0.515033557,0.342709049,-0.262885906,0.367335724
134,16,6,depressed,male,speech,149,-0.127114094,0.258190939,-0.563557047,0.34520083,-0.296375839,0.361152836
135,16,7,worried,male,speech,149,0.100604027,0.293626505,0.476912752,0.323456625,-0.081543624,0.35459098
136,16,8,frightened,male,speech,149,-0.313422819,0.372405932,0.66704698,0.272707901,-0.326442953,0.467011884
137,16,9,confident,male,speech,149,0.125302013,0.195957652,0.07442953,0.284413533,0.159932886,0.314323591
138,16,10,thrilled,male,speech,149,0.194295302,0.252083896,0.33442953,0.246547464,0.272416107,0.319621083
139,16,11,satisfied,male,speech,149,0.088187919,0.21330746,-0.239530201,0.345486996,-0.03033557,0.320355411
140,16,12,serene,male,speech,207,0.061884058,0.27370494,-0.278792271,0.35877893,-0.063478261,0.337882438
141,16,13,contemptuous,male,speech,149,-0.303489933,0.333259752,0.260067114,0.351926161,0.32885906,0.319413589
142,16,14,miserable,male,speech,149,-0.036241611,0.255986371,0.038187919,0.323962072,-0.078657718,0.366350994
143,16,15,annoyed,male,speech,149,0.020604027,0.220316812,-0.019530201,0.315349089,0.080067114,0.284283111
144,16,16,enraged,male,speech,149,-0.716778523,0.377033708,0.902416107,0.162724485,0.764362416,0.297710457
145,18,1,happy,female,speech,481,0.41033264,0.281756199,0.198898129,0.300060813,0.041538462,0.303527393
146,18,2,joyful,female,speech,149,0.458120805,0.364124958,0.713422819,0.251902952,0.302416107,0.373715188
147,18,3,mellow,female,speech,149,0.295771812,0.236406605,-0.181946309,0.336033456,-0.108322148,0.374478742
148,18,4,tranquil,female,speech,207,0.204975845,0.264093751,-0.390772947,0.363402718,-0.296183575,0.402499985
149,18,5,dark,female,speech,149,-0.091677852,0.292935752,-0.675234899,0.295439626,-0.379127517,0.415935827
150,18,6,depressed,female,speech,489,-0.213087935,0.345117102,-0.734580777,0.313681664,-0.48390593,0.392798492
151,18,7,worried,female,speech,149,-0.046241611,0.226009676,-0.336040268,0.36914221,-0.226241611,0.401664571
152,18,8,frightened,female,speech,207,-0.492463768,0.364176445,0.740869565,0.274366379,-0.265120773,0.526627722
153,18,9,confident,female,speech,149,0.188657718,0.193078396,-0.022080537,0.323183646,0.01704698,0.311047714
154,18,10,thrilled,female,speech,149,0.042751678,0.340924536,0.468993289,0.253805482,0.277181208,0.339803362
155,18,11,satisfied,female,speech,149,0.166308725,0.196311766,-0.095973154,0.31388352,-0.041073826,0.312883583
156,18,12,serene,female,speech,149,0.181744966,0.265873704,-0.519463087,0.321486802,-0.204966443,0.379253577
157,18,13,contemptuous,female,speech,149,-0.391879195,0.3393881,0.02442953,0.382200921,0.350939597,0.389409363
158,18,14,miserable,female,speech,477,-0.29836478,0.364852694,-0.314381551,0.373939797,-0.441048218,0.378919505
159,18,15,annoyed,female,speech,149,-0.316442953,0.338687997,0.518724832,0.27708982,0.463489933,0.296893661
160,18,16,enraged,female,speech,149,-0.683288591,0.336107373,0.763758389,0.224299138,0.695100671,0.276340999
161,21,1,happy,female,speech,153,0.370980392,0.244415965,0.266928105,0.315578585,0.086862745,0.332582539
162,21,2,joyful,female,speech,153,0.519084967,0.45210525,0.851960784,0.17948779,0.423398693,0.393040047
163,21,3,mellow,female,speech,153,0.313267974,0.264002168,0.261764706,0.265250918,0.155947712,0.323771845
164,21,4,tranquil,female,speech,153,0.297712418,0.337690486,-0.555686275,0.363212575,-0.454509804,0.405861561
165,21,5,dark,female,speech,153,-0.135686275,0.218291104,-0.311830065,0.355428648,-0.313137255,0.358387233
166,21,6,depressed,female,speech,153,-0.274444444,0.327630827,-0.819542484,0.210664175,-0.63254902,0.319105513
167,21,7,worried,female,speech,153,-0.467973856,0.303630141,0.11875817,0.407421804,-0.44,0.353650139
168,21,8,frightened,female,speech,649,-0.615454545,0.371684709,0.791232666,0.261539878,-0.324021572,0.530787622
169,21,9,confident,female,speech,153,0.320196078,0.320241419,0.493921569,0.224242102,0.38745098,0.295949697
170,21,10,thrilled,female,speech,153,0.140130719,0.555542631,0.883464052,0.163523378,0.71503268,0.29331841
171,21,11,satisfied,female,speech,153,0.304183007,0.242010804,0.09503268,0.306920451,0.030915033,0.349125523
172,21,12,serene,female,speech,153,0.253398693,0.37994834,-0.396143791,0.444506119,-0.256013072,0.470801863
173,21,13,contemptuous,female,speech,153,-0.327973856,0.286990646,0.102745098,0.346389717,0.339084967,0.385456598
174,21,14,miserable,female,speech,153,-0.61130719,0.255226145,-0.311895425,0.392466478,-0.569019608,0.331265049
175,21,15,annoyed,female,speech,153,-0.42620915,0.336753085,0.684117647,0.238113555,0.520261438,0.316954977
176,21,16,enraged,female,speech,211,-0.709052133,0.424286574,0.88028436,0.186015654,0.747203791,0.327247178
177,22,1,happy,female,speech,149,0.535838926,0.281952892,0.436040268,0.306499016,0.164966443,0.347571933
178,22,2,joyful,female,speech,149,0.671879195,0.2725787,0.666912752,0.253526211,0.18261745,0.431925913
179,22,3,mellow,female,speech,149,0.262147651,0.268490686,0.149865772,0.279917909,0.11442953,0.296206608
180,22,4,tranquil,female,speech,149,0.383758389,0.286562753,-0.455771812,0.389533993,-0.244228188,0.385590423
181,22,5,dark,female,speech,149,-0.074026846,0.242823814,-0.412214765,0.328431666,-0.113355705,0.39170385
182,22,6,depressed,female,speech,149,-0.023355705,0.313764438,-0.77966443,0.236712895,-0.447986577,0.396268029
183,22,7,worried,female,speech,149,-0.349328859,0.301408102,0.258120805,0.383503355,-0.435100671,0.398894786
184,22,8,frightened,female,speech,149,-0.391812081,0.493817252,0.767181208,0.208443655,-0.040402685,0.547676763
185,22,9,confident,female,speech,149,0.33147651,0.251372922,0.198120805,0.271483336,0.190738255,0.311929683
186,22,10,thrilled,female,speech,149,0.447718121,0.337388862,0.646107383,0.257151,0.472348993,0.339990837
187,22,11,satisfied,female,speech,149,0.383624161,0.288638965,-0.058791946,0.394005612,-0.063489933,0.338629843
188,22,12,serene,female,speech,149,0.278053691,0.275797806,-0.356107383,0.42263765,-0.204899329,0.403504274
189,22,13,contemptuous,female,speech,149,-0.228791946,0.330312941,0.202281879,0.28220924,0.431677852,0.31394698
190,22,14,miserable,female,speech,149,-0.521006711,0.293383673,0.08885906,0.444776789,-0.352483221,0.38852268
191,22,15,annoyed,female,speech,149,-0.363288591,0.417719748,0.61590604,0.254996061,0.530536913,0.292260031
192,22,16,enraged,female,speech,645,-0.748527132,0.369428173,0.892248062,0.215239432,0.79820155,0.320078392
193,23,1,happy,female,speech,149,0.39295302,0.273605811,0.387852349,0.310595687,0.116778523,0.325342374
194,23,2,joyful,female,speech,149,0.21557047,0.331379962,0.593355705,0.256026315,0.236845638,0.371916307
195,23,3,mellow,female,speech,149,0.276644295,0.217965441,0.315973154,0.250477704,0.075302013,0.302336749
196,23,4,tranquil,female,speech,645,0.293705426,0.265389799,0.166124031,0.285384425,0.03448062,0.312783414
197,23,5,dark,female,speech,975,-0.178953846,0.299515236,-0.553158974,0.348164843,-0.341661538,0.345230495
198,23,6,depressed,female,speech,149,-0.09738255,0.240153093,-0.584697987,0.305146303,-0.309127517,0.356664224
199,23,7,worried,female,speech,149,-0.140201342,0.327260269,0.527651007,0.29964932,-0.066375839,0.424409311
200,23,8,frightened,female,speech,149,-0.627986577,0.450013483,0.867919463,0.190295912,-0.279194631,0.600798474
201,23,9,confident,female,speech,587,0.233083475,0.293853179,0.339250426,0.266389301,0.240664395,0.291148839
202,23,10,thrilled,female,speech,149,-0.003020134,0.389888592,0.623959732,0.239272034,0.520268456,0.302268331
203,23,11,satisfied,female,speech,149,0.301006711,0.235474636,0.228389262,0.271288385,0.12442953,0.282826904
204,23,12,serene,female,speech,149,-0.043557047,0.22317147,-0.34704698,0.364162318,-0.097919463,0.344113187
205,23,13,contemptuous,female,speech,207,-0.424975845,0.344016643,0.202512077,0.347256192,0.36531401,0.356194521
206,23,14,miserable,female,speech,489,-0.235296524,0.391997778,-0.250143149,0.37910564,-0.261451943,0.403934211
207,23,15,annoyed,female,speech,149,-0.403557047,0.370396197,0.657114094,0.294515854,0.555637584,0.323895884
208,23,16,enraged,female,speech,451,-0.654745011,0.412176461,0.869733925,0.223687123,0.731529933,0.335283775
209,28,1,happy,male,speech,471,0.420828025,0.293563495,0.23881104,0.321766184,0.076836518,0.305943905
210,28,2,joyful,male,speech,645,0.490341085,0.306139874,0.479937984,0.291797805,0.106635659,0.323155058
211,28,3,mellow,male,speech,207,0.136231884,0.231599135,-0.239710145,0.317190202,-0.154830918,0.326313396
212,28,4,tranquil,male,speech,149,0.091073826,0.267758819,-0.720604027,0.281883693,-0.470671141,0.356404084
213,28,5,dark,male,speech,149,-0.168657718,0.314201385,-0.66114094,0.312731061,-0.447516779,0.356230084
214,28,6,depressed,male,speech,149,-0.187718121,0.298000365,-0.667449664,0.269007571,-0.402348993,0.351099411
215,28,7,worried,male,speech,149,-0.193758389,0.35542414,0.187248322,0.387507383,-0.357181208,0.357326939
216,28,8,frightened,male,speech,149,-0.386845638,0.481478701,0.729865772,0.230343417,-0.149261745,0.526767416
217,28,9,confident,male,speech,207,0.171352657,0.251178013,0.116280193,0.300401315,0.089178744,0.292673983
218,28,10,thrilled,male,speech,149,0.120134228,0.34799811,0.521006711,0.276133401,0.342550336,0.318896226
219,28,11,satisfied,male,speech,645,0.299085271,0.280202235,0.143317829,0.289806907,0.061581395,0.279962805
220,28,12,serene,male,speech,207,0.084057971,0.245259832,-0.497729469,0.313641568,-0.261111111,0.344558564
221,28,13,contemptuous,male,speech,149,-0.280201342,0.281293993,-0.629865772,0.311985764,-0.233758389,0.467129643
222,28,14,miserable,male,speech,149,-0.232013423,0.32051053,-0.575369128,0.339290841,-0.389932886,0.365212816
223,28,15,annoyed,male,speech,207,-0.077198068,0.307330938,0.2947343,0.289956143,0.184251208,0.312558025
224,28,16,enraged,male,speech,149,-0.664295302,0.363329675,0.844161074,0.239388581,0.674899329,0.325031428
225,30,1,happy,female,speech,149,0.414697987,0.245985489,-0.018926174,0.326465802,-0.039530201,0.353133341
226,30,2,joyful,female,speech,207,0.611594203,0.28564332,0.56236715,0.265799217,0.243768116,0.347323056
227,30,3,mellow,female,speech,149,0.254026846,0.217771016,-0.347718121,0.329145332,-0.257449664,0.348308954
228,30,4,tranquil,female,speech,149,0.264966443,0.299665634,-0.531677852,0.343863979,-0.333422819,0.389706702
229,30,5,dark,female,speech,469,-0.130703625,0.330510056,-0.60358209,0.31046485,-0.345586354,0.363186761
230,30,6,depressed,female,speech,149,-0.24590604,0.339273894,-0.771543624,0.253712235,-0.536644295,0.340430194
231,30,7,worried,female,speech,496,-0.191471774,0.424149834,0.143004032,0.354783257,-0.264274194,0.363709115
232,30,8,frightened,female,speech,149,-0.275838926,0.501363143,0.713221477,0.244137391,-0.214362416,0.513594016
233,30,9,confident,female,speech,463,0.239892009,0.270906346,0.198704104,0.287861282,0.206349892,0.297185686
234,30,10,thrilled,female,speech,645,0.635705426,0.351078206,0.792325581,0.230148857,0.488589147,0.370708605
235,30,11,satisfied,female,speech,645,0.358387597,0.294442106,0.15951938,0.295153268,0.080604651,0.302556561
236,30,12,serene,female,speech,645,0.197860465,0.308196133,-0.257193798,0.383950171,-0.094697674,0.352760775
237,30,13,contemptuous,female,speech,149,-0.403758389,0.330504276,-0.36885906,0.380255125,0.017516779,0.43745101
238,30,14,miserable,female,speech,149,-0.325771812,0.33180746,-0.591006711,0.292412484,-0.38442953,0.349838539
239,30,15,annoyed,female,speech,149,-0.069060403,0.347287447,0.347583893,0.294759753,0.274563758,0.326122766
240,30,16,enraged,female,speech,149,-0.788053691,0.291690501,0.823422819,0.24441815,0.756979866,0.308732598
241,35,1,happy,male,speech,207,0.089661836,0.237475357,0.014057971,0.325643436,0.121932367,0.301631704
242,35,2,joyful,male,speech,529,0.392759924,0.379632923,0.498090737,0.319408104,0.235784499,0.322341985
243,35,3,mellow,male,speech,149,0.050402685,0.209967434,-0.243154362,0.33185003,0.010738255,0.320133194
244,35,4,tranquil,male,speech,149,0.182147651,0.225150291,-0.248590604,0.405854155,-0.076174497,0.351899474
245,35,5,dark,male,speech,149,-0.167986577,0.289937039,-0.715771812,0.281470994,-0.255302013,0.462074577
246,35,6,depressed,male,speech,149,-0.220402685,0.327219819,-0.803624161,0.263098005,-0.468993289,0.408591425
247,35,7,worried,male,speech,149,-0.196040268,0.307610272,-0.202684564,0.381737902,-0.28409396,0.372627655
248,35,8,frightened,male,speech,207,-0.35826087,0.350588783,0.401835749,0.299848687,-0.256570048,0.412201435
249,35,9,confident,male,speech,149,0.256241611,0.322497594,0.409328859,0.274845569,0.326845638,0.321119426
250,35,10,thrilled,male,speech,653,0.385834609,0.325169777,0.559280245,0.280136803,0.38467075,0.292464287
251,35,11,satisfied,male,speech,149,0.103959732,0.220490298,-0.044832215,0.319176737,0.044563758,0.322069917
252,35,12,serene,male,speech,149,0.272348993,0.271533158,0.289261745,0.326523651,0.274966443,0.348532879
253,35,13,contemptuous,male,speech,149,-0.13885906,0.293537442,0.196644295,0.334869097,0.422751678,0.318136166
254,35,14,miserable,male,speech,149,-0.270671141,0.336818711,-0.744563758,0.309285321,-0.459395973,0.398175277
255,35,15,annoyed,male,speech,207,-0.109371981,0.321324764,0.426376812,0.304176292,0.435217391,0.315115676
256,35,16,enraged,male,speech,149,-0.608255034,0.425176802,0.828389262,0.197703255,0.73147651,0.261741506
257,37,1,happy,male,speech,149,0.253154362,0.253902214,-0.054832215,0.395261809,-0.172751678,0.354242357
258,37,2,joyful,male,speech,149,0.023691275,0.478446739,0.350402685,0.362485562,-0.123355705,0.402170817
259,37,3,mellow,male,speech,149,0.213355705,0.233428068,-0.315100671,0.327415385,-0.181342282,0.318869747
260,37,4,tranquil,male,speech,149,0.194630872,0.300505258,-0.61557047,0.333823838,-0.405771812,0.366584272
261,37,5,dark,male,speech,149,-0.163087248,0.308853371,-0.693087248,0.285183439,-0.33295302,0.357096973
262,37,6,depressed,male,speech,149,-0.190872483,0.313297486,-0.726040268,0.293913066,-0.425973154,0.383601214
263,37,7,worried,male,speech,149,-0.378590604,0.333418048,0.23590604,0.403493215,-0.365704698,0.361896758
264,37,8,frightened,male,speech,149,-0.669194631,0.372715595,0.765704698,0.254474166,-0.275369128,0.514611535
265,37,9,confident,male,speech,487,0.353100616,0.292841261,0.323080082,0.293836479,0.216488706,0.277361524
266,37,10,thrilled,male,speech,149,0.302483221,0.422124463,0.649060403,0.235829022,0.23966443,0.363302078
267,37,11,satisfied,male,speech,149,0.129060403,0.208629188,-0.032416107,0.360702488,0.009395973,0.319059488
268,37,12,serene,male,speech,149,0.08966443,0.258191256,-0.606979866,0.334996379,-0.304161074,0.364599189
269,37,13,contemptuous,male,speech,149,-0.306040268,0.370178589,0.240268456,0.39381184,0.260872483,0.395998452
270,37,14,miserable,male,speech,207,-0.272415459,0.314247385,-0.405120773,0.381809514,-0.167874396,0.420035047
271,37,15,annoyed,male,speech,490,-0.195571429,0.462078283,0.552632653,0.26392857,0.34755102,0.366157467
272,37,16,enraged,male,speech,149,-0.565973154,0.450869909,0.846577181,0.233266382,0.521946309,0.471308813
273,38,1,happy,male,speech,149,0.267583893,0.23368566,0.065637584,0.302358571,0.009194631,0.300318562
274,38,2,joyful,male,speech,471,0.576645435,0.352855524,0.674501062,0.27584631,0.333949045,0.367487892
275,38,3,mellow,male,speech,149,0.40261745,0.27919139,0.044496644,0.419777026,-0.00261745,0.392967566
276,38,4,tranquil,male,speech,149,0.363020134,0.283748329,-0.348456376,0.399164203,-0.228389262,0.390097124
277,38,5,dark,male,speech,587,-0.105638842,0.299929558,-0.415400341,0.362440017,-0.235195911,0.339640074
278,38,6,depressed,male,speech,149,-0.285973154,0.336361532,-0.75114094,0.282305973,-0.489328859,0.356843641
279,38,7,worried,male,speech,645,-0.238093023,0.324726723,-0.048945736,0.366675265,-0.25055814,0.363739633
280,38,8,frightened,male,speech,489,-0.328895706,0.507885369,0.793006135,0.243877829,0.035746421,0.52375135
281,38,9,confident,male,speech,471,0.258322718,0.274353301,0.162399151,0.320167473,0.133312102,0.309393481
282,38,10,thrilled,male,speech,149,0.625302013,0.32399649,0.78033557,0.231821274,0.533758389,0.377714458
283,38,11,satisfied,male,speech,149,0.398187919,0.258234792,0.112013423,0.358768501,0.089127517,0.285763399
284,38,12,serene,male,speech,645,0.336837209,0.356475474,-0.004635659,0.435897802,0.025131783,0.365174411
285,38,13,contemptuous,male,speech,475,-0.3248,0.373714551,-0.0244,0.366612109,0.258547368,0.381280592
286,38,14,miserable,male,speech,149,-0.564362416,0.343682998,0.156241611,0.40141553,-0.423355705,0.361220923
287,38,15,annoyed,male,speech,982,-0.074674134,0.444030339,0.54114053,0.286449891,0.393370672,0.319565746
288,38,16,enraged,male,speech,149,-0.601073826,0.446039843,0.876107383,0.170249068,0.74,0.275555949
289,40,1,happy,female,speech,153,0.474183007,0.286890348,0.299934641,0.327067305,0.059542484,0.315184449
290,40,2,joyful,female,speech,153,0.342352941,0.396082402,0.471437908,0.281037594,0.080588235,0.310774151
291,40,3,mellow,female,speech,153,0.094771242,0.220561738,-0.204379085,0.313418818,-0.116993464,0.279395694
292,40,4,tranquil,female,speech,153,0.091372549,0.289500611,-0.614771242,0.305902644,-0.427189542,0.353405346
293,40,5,dark,female,speech,153,-0.29248366,0.294650286,-0.657189542,0.285787134,-0.347385621,0.359454578
294,40,6,depressed,female,speech,211,-0.329241706,0.325123264,-0.822085308,0.259123821,-0.593080569,0.346910841
295,40,7,worried,female,speech,153,-0.397385621,0.270123683,0.317124183,0.37431459,-0.267254902,0.369202974
296,40,8,frightened,female,speech,153,-0.501568627,0.31589913,0.483986928,0.409973266,-0.366797386,0.410406816
297,40,9,confident,female,speech,153,0.050653595,0.159376553,-0.11124183,0.289389831,0.009215686,0.249471888
298,40,10,thrilled,female,speech,491,0.380142566,0.36767857,0.710814664,0.24001307,0.493564155,0.31182564
299,40,11,satisfied,female,speech,153,0.279150327,0.246579089,-0.275686275,0.359818603,-0.157777778,0.319761881
300,40,12,serene,female,speech,153,0.179869281,0.239912229,-0.564117647,0.319741938,-0.297908497,0.341917298
301,40,13,contemptuous,female,speech,153,-0.573267974,0.310084517,-0.184444444,0.442070322,0.28627451,0.453528393
302,40,14,miserable,female,speech,153,-0.791895425,0.250703619,-0.460326797,0.433452204,-0.684052288,0.313797701
303,40,15,annoyed,female,speech,468,-0.245641026,0.387890875,0.471901709,0.270665796,0.414337607,0.33352409
304,40,16,enraged,female,speech,153,-0.75372549,0.278163343,0.890980392,0.149678448,0.641699346,0.41115977
305,42,1,happy,female,speech,645,0.156015504,0.255653042,0.058589147,0.307557034,0.018062016,0.303504064
306,42,2,joyful,female,speech,149,0.209328859,0.450227667,0.632416107,0.27930573,0.116107383,0.413432748
307,42,3,mellow,female,speech,149,0.15590604,0.196090208,-0.085704698,0.316134283,-0.141073826,0.331422285
308,42,4,tranquil,female,speech,149,-0.153422819,0.3068206,-0.702885906,0.281540874,-0.432416107,0.344678956
309,42,5,dark,female,speech,524,-0.160515267,0.304449354,-0.610400763,0.329399523,-0.36620229,0.36082321
310,42,6,depressed,female,speech,968,-0.281002066,0.345483382,-0.704979339,0.316305586,-0.471146694,0.365871666
311,42,7,worried,female,speech,149,-0.439597315,0.314766922,-0.050536913,0.442779588,-0.480402685,0.338242435
312,42,8,frightened,female,speech,463,-0.388056156,0.460670156,0.751403888,0.265044256,-0.147602592,0.519523672
313,42,9,confident,female,speech,149,0.175302013,0.21910616,0.300536913,0.270299597,0.193892617,0.29208873
314,42,10,thrilled,female,speech,149,0.188791946,0.39520934,0.523489933,0.274014022,0.246375839,0.370069779
315,42,11,satisfied,female,speech,207,0.142270531,0.216468039,0.041594203,0.279162878,-0.025458937,0.296725916
316,42,12,serene,female,speech,149,0.013691275,0.221875753,-0.453825503,0.348637497,-0.269530201,0.38497163
317,42,13,contemptuous,female,speech,645,-0.075007752,0.287210629,0.017085271,0.329685339,-0.005116279,0.345276279
318,42,14,miserable,female,speech,149,-0.122214765,0.26562737,-0.481342282,0.364989185,-0.284966443,0.372757482
319,42,15,annoyed,female,speech,473,-0.093509514,0.44789284,0.517103594,0.274050487,0.427378436,0.312082091
320,42,16,enraged,female,speech,149,-0.516778523,0.389894768,0.751208054,0.212904346,0.508456376,0.361546462
321,43,1,happy,male,speech,478,0.4308159,0.281128237,0.235020921,0.303413666,0.110648536,0.299046349
322,43,2,joyful,male,speech,149,0.19852349,0.37610266,0.491610738,0.282818983,0.100738255,0.380685892
323,43,3,mellow,male,speech,149,0.05442953,0.317020296,-0.46557047,0.33489083,-0.231744966,0.39008615
324,43,4,tranquil,male,speech,149,0.096375839,0.224782822,-0.642885906,0.310253374,-0.34409396,0.409196664
325,43,5,dark,male,speech,149,-0.074362416,0.228988145,-0.478657718,0.359022053,-0.195973154,0.39980387
326,43,6,depressed,male,speech,454,-0.273193833,0.338356856,-0.744911894,0.304629281,-0.429537445,0.414574978
327,43,7,worried,male,speech,149,0.129731544,0.238899352,0.204765101,0.283650394,-0.09261745,0.323731195
328,43,8,frightened,male,speech,149,-0.604899329,0.321801553,0.761342282,0.26314023,-0.112684564,0.584771416
329,43,9,confident,male,speech,207,0.37173913,0.24078728,0.349661836,0.253446882,0.177826087,0.279503041
330,43,10,thrilled,male,speech,587,0.488449744,0.332054545,0.577427598,0.282557239,0.354241908,0.330255196
331,43,11,satisfied,male,speech,149,0.214228188,0.227492742,-0.089127517,0.312863697,-0.011744966,0.305055891
332,43,12,serene,male,speech,149,0.033624161,0.2502977,-0.609060403,0.321016844,-0.234026846,0.424416801
333,43,13,contemptuous,male,speech,149,0.029261745,0.215541725,-0.223892617,0.314981148,0.000671141,0.376561011
334,43,14,miserable,male,speech,645,-0.33875969,0.349084445,-0.716635659,0.297509328,-0.459875969,0.380332459
335,43,15,annoyed,male,speech,207,-0.081111111,0.320273279,0.190628019,0.313455672,0.217004831,0.336888554
336,43,16,enraged,male,speech,149,-0.808255034,0.315274937,0.888389262,0.15600185,0.776375839,0.294928335
337,44,1,happy,female,speech,153,0.393267974,0.258061677,-0.007254902,0.377769136,-0.112287582,0.354264428
338,44,2,joyful,female,speech,591,0.6421489,0.331323926,0.717969543,0.255357388,0.306717428,0.384032202
339,44,3,mellow,female,speech,153,0.342745098,0.264799416,-0.000718954,0.334809656,-0.028627451,0.33352791
340,44,4,tranquil,female,speech,153,0.44875817,0.283173557,-0.315490196,0.416297814,-0.175163399,0.380450053
341,44,5,dark,female,speech,153,-0.081372549,0.276398499,-0.513529412,0.338151847,-0.307908497,0.366381046
342,44,6,depressed,female,speech,153,-0.161437908,0.309935091,-0.816143791,0.267916238,-0.444836601,0.439585787
343,44,7,worried,female,speech,518,-0.027586873,0.441429635,0.151911197,0.355378154,-0.145772201,0.362088401
344,44,8,frightened,female,speech,153,-0.473006536,0.436570192,0.717712418,0.249001947,-0.066078431,0.501511184
345,44,9,confident,female,speech,153,0.459346405,0.257190471,0.186470588,0.276891748,0.116405229,0.325993652
346,44,10,thrilled,female,speech,211,0.636587678,0.258843059,0.622654028,0.25542601,0.386350711,0.348534961
347,44,11,satisfied,female,speech,153,0.479607843,0.261624184,0.048039216,0.358724089,-0.00745098,0.315103428
348,44,12,serene,female,speech,153,0.542745098,0.275765049,-0.008888889,0.446364784,0.002222222,0.370705626
349,44,13,contemptuous,female,speech,153,-0.544248366,0.308525127,0.03379085,0.366149967,0.462026144,0.327473099
350,44,14,miserable,female,speech,153,-0.410065359,0.360031974,-0.298823529,0.398744644,-0.187843137,0.470682513
351,44,15,annoyed,female,speech,153,-0.053071895,0.351641416,0.482418301,0.231871749,0.436470588,0.277714996
352,44,16,enraged,female,speech,491,-0.619592668,0.477328276,0.8400611,0.200086197,0.777637475,0.274512776
353,1,1,happy,male,tEGG,NaN,NaN,NaN,NaN,NaN,NaN,NaN
354,1,2,joyful,male,tEGG,NaN,NaN,NaN,NaN,NaN,NaN,NaN
355,1,3,mellow,male,tEGG,NaN,NaN,NaN,NaN,NaN,NaN,NaN
356,1,4,tranquil,male,tEGG,NaN,NaN,NaN,NaN,NaN,NaN,NaN
357,1,5,dark,male,tEGG,NaN,NaN,NaN,NaN,NaN,NaN,NaN
358,1,6,depressed,male,tEGG,NaN,NaN,NaN,NaN,NaN,NaN,NaN
359,1,7,worried,male,tEGG,NaN,NaN,NaN,NaN,NaN,NaN,NaN
360,1,8,frightened,male,tEGG,NaN,NaN,NaN,NaN,NaN,NaN,NaN
361,1,9,confident,male,tEGG,NaN,NaN,NaN,NaN,NaN,NaN,NaN
362,1,10,thrilled,male,tEGG,NaN,NaN,NaN,NaN,NaN,NaN,NaN
363,1,11,satisfied,male,tEGG,NaN,NaN,NaN,NaN,NaN,NaN,NaN
364,1,12,serene,male,tEGG,NaN,NaN,NaN,NaN,NaN,NaN,NaN
365,1,13,contemptuous,male,tEGG,NaN,NaN,NaN,NaN,NaN,NaN,NaN
366,1,14,miserable,male,tEGG,NaN,NaN,NaN,NaN,NaN,NaN,NaN
367,1,15,annoyed,male,tEGG,NaN,NaN,NaN,NaN,NaN,NaN,NaN
368,1,16,enraged,male,tEGG,NaN,NaN,NaN,NaN,NaN,NaN,NaN
369,2,1,happy,female,tEGG,NaN,NaN,NaN,NaN,NaN,NaN,NaN
370,2,2,joyful,female,tEGG,329,-0.007325228,0.434176562,0.498328267,0.348322551,0.169574468,0.385290279
371,2,3,mellow,female,tEGG,NaN,NaN,NaN,NaN,NaN,NaN,NaN
372,2,4,tranquil,female,tEGG,NaN,NaN,NaN,NaN,NaN,NaN,NaN
373,2,5,dark,female,tEGG,58,-0.224310345,0.285749934,-0.628965517,0.34059128,-0.345344828,0.343364241
374,2,6,depressed,female,tEGG,NaN,NaN,NaN,NaN,NaN,NaN,NaN
375,2,7,worried,female,tEGG,829,-0.14371532,0.285712426,-0.116803378,0.405008244,-0.202291918,0.332666081
376,2,8,frightened,female,tEGG,58,-0.473275862,0.395200983,0.74,0.292076654,0.010689655,0.496944566
377,2,9,confident,female,tEGG,NaN,NaN,NaN,NaN,NaN,NaN,NaN
378,2,10,thrilled,female,tEGG,NaN,NaN,NaN,NaN,NaN,NaN,NaN
379,2,11,satisfied,female,tEGG,NaN,NaN,NaN,NaN,NaN,NaN,NaN
380,2,12,serene,female,tEGG,NaN,NaN,NaN,NaN,NaN,NaN,NaN
381,2,13,contemptuous,female,tEGG,383,-0.126318538,0.268196952,-0.21616188,0.370687976,-0.127963446,0.315041805
382,2,14,miserable,female,tEGG,496,-0.281391129,0.289060268,-0.473649194,0.367968749,-0.38375,0.336674242
383,2,15,annoyed,female,tEGG,438,-0.175365297,0.318999048,0.104680365,0.354548429,0.074109589,0.343302719
384,2,16,enraged,female,tEGG,423,-0.311465721,0.414711375,0.423002364,0.373846685,0.203049645,0.399317445
385,5,1,happy,male,tEGG,NaN,NaN,NaN,NaN,NaN,NaN,NaN
386,5,2,joyful,male,tEGG,NaN,NaN,NaN,NaN,NaN,NaN,NaN
387,5,3,mellow,male,tEGG,58,-0.027241379,0.313921395,-0.184655172,0.397797513,-0.056896552,0.317524454
388,5,4,tranquil,male,tEGG,NaN,NaN,NaN,NaN,NaN,NaN,NaN
389,5,5,dark,male,tEGG,NaN,NaN,NaN,NaN,NaN,NaN,NaN
390,5,6,depressed,male,tEGG,NaN,NaN,NaN,NaN,NaN,NaN,NaN
391,5,7,worried,male,tEGG,58,-0.214310345,0.306148181,-0.206034483,0.404973205,-0.248103448,0.387060251
392,5,8,frightened,male,tEGG,338,-0.385591716,0.467288192,0.623343195,0.368062221,0.126213018,0.508377744
393,5,9,confident,male,tEGG,496,-0.105927419,0.327848738,-0.083427419,0.382602923,-0.028004032,0.346054016
394,5,10,thrilled,male,tEGG,NaN,NaN,NaN,NaN,NaN,NaN,NaN
395,5,11,satisfied,male,tEGG,58,0.232931034,0.380466051,0.11637931,0.376711059,0.027586207,0.35587949
396,5,12,serene,male,tEGG,NaN,NaN,NaN,NaN,NaN,NaN,NaN
397,5,13,contemptuous,male,tEGG,336,-0.274136905,0.33061205,-0.49047619,0.358962534,-0.290267857,0.370912855
398,5,14,miserable,male,tEGG,58,-0.438103448,0.355110346,-0.71,0.366582127,-0.477241379,0.39862832
399,5,15,annoyed,male,tEGG,NaN,NaN,NaN,NaN,NaN,NaN,NaN
400,5,16,enraged,male,tEGG,496,-0.502016129,0.407227591,0.581955645,0.323425488,0.483004032,0.378193003
401,7,1,happy,male,tEGG,NaN,NaN,NaN,NaN,NaN,NaN,NaN
402,7,2,joyful,male,tEGG,NaN,NaN,NaN,NaN,NaN,NaN,NaN
403,7,3,mellow,male,tEGG,NaN,NaN,NaN,NaN,NaN,NaN,NaN
404,7,4,tranquil,male,tEGG,NaN,NaN,NaN,NaN,NaN,NaN,NaN
405,7,5,dark,male,tEGG,NaN,NaN,NaN,NaN,NaN,NaN,NaN
406,7,6,depressed,male,tEGG,496,-0.400927419,0.34507611,-0.74078629,0.289341968,-0.488427419,0.377363457
407,7,7,worried,male,tEGG,315,-0.248698413,0.315120876,-0.092888889,0.395087151,-0.142285714,0.383218661
408,7,8,frightened,male,tEGG,NaN,NaN,NaN,NaN,NaN,NaN,NaN
409,7,9,confident,male,tEGG,NaN,NaN,NaN,NaN,NaN,NaN,NaN
410,7,10,thrilled,male,tEGG,NaN,NaN,NaN,NaN,NaN,NaN,NaN
411,7,11,satisfied,male,tEGG,NaN,NaN,NaN,NaN,NaN,NaN,NaN
412,7,12,serene,male,tEGG,NaN,NaN,NaN,NaN,NaN,NaN,NaN
413,7,13,contemptuous,male,tEGG,NaN,NaN,NaN,NaN,NaN,NaN,NaN
414,7,14,miserable,male,tEGG,NaN,NaN,NaN,NaN,NaN,NaN,NaN
415,7,15,annoyed,male,tEGG,NaN,NaN,NaN,NaN,NaN,NaN,NaN
416,7,16,enraged,male,tEGG,NaN,NaN,NaN,NaN,NaN,NaN,NaN
417,10,1,happy,male,tEGG,496,-0.09641129,0.290070044,-0.204818548,0.363868063,-0.137580645,0.334063131
418,10,2,joyful,male,tEGG,312,0.24875,0.347969824,0.37150641,0.317529612,0.179134615,0.300019648
419,10,3,mellow,male,tEGG,NaN,NaN,NaN,NaN,NaN,NaN,NaN
420,10,4,tranquil,male,tEGG,NaN,NaN,NaN,NaN,NaN,NaN,NaN
421,10,5,dark,male,tEGG,313,-0.380191693,0.35054531,-0.685079872,0.328279426,-0.491789137,0.374044929
422,10,6,depressed,male,tEGG,NaN,NaN,NaN,NaN,NaN,NaN,NaN
423,10,7,worried,male,tEGG,NaN,NaN,NaN,NaN,NaN,NaN,NaN
424,10,8,frightened,male,tEGG,438,-0.243972603,0.381247764,0.301141553,0.369619228,-0.100799087,0.393849221
425,10,9,confident,male,tEGG,NaN,NaN,NaN,NaN,NaN,NaN,NaN
426,10,10,thrilled,male,tEGG,NaN,NaN,NaN,NaN,NaN,NaN,NaN
427,10,11,satisfied,male,tEGG,NaN,NaN,NaN,NaN,NaN,NaN,NaN
428,10,12,serene,male,tEGG,NaN,NaN,NaN,NaN,NaN,NaN,NaN
429,10,13,contemptuous,male,tEGG,NaN,NaN,NaN,NaN,NaN,NaN,NaN
430,10,14,miserable,male,tEGG,333,-0.397957958,0.337401531,-0.624834835,0.357226245,-0.452882883,0.371833751
431,10,15,annoyed,male,tEGG,NaN,NaN,NaN,NaN,NaN,NaN,NaN
432,10,16,enraged,male,tEGG,333,-0.585435435,0.410105268,0.58990991,0.366010309,0.557417417,0.403251017
433,12,1,happy,male,tEGG,316,-0.008987342,0.271986671,-0.03835443,0.324525266,-0.030981013,0.279698227
434,12,2,joyful,male,tEGG,NaN,NaN,NaN,NaN,NaN,NaN,NaN
435,12,3,mellow,male,tEGG,NaN,NaN,NaN,NaN,NaN,NaN,NaN
436,12,4,tranquil,male,tEGG,NaN,NaN,NaN,NaN,NaN,NaN,NaN
437,12,5,dark,male,tEGG,NaN,NaN,NaN,NaN,NaN,NaN,NaN
438,12,6,depressed,male,tEGG,NaN,NaN,NaN,NaN,NaN,NaN,NaN
439,12,7,worried,male,tEGG,NaN,NaN,NaN,NaN,NaN,NaN,NaN
440,12,8,frightened,male,tEGG,NaN,NaN,NaN,NaN,NaN,NaN,NaN
441,12,9,confident,male,tEGG,NaN,NaN,NaN,NaN,NaN,NaN,NaN
442,12,10,thrilled,male,tEGG,58,0.395517241,0.417869166,0.660344828,0.337196728,0.345344828,0.371668667
443,12,11,satisfied,male,tEGG,NaN,NaN,NaN,NaN,NaN,NaN,NaN
444,12,12,serene,male,tEGG,NaN,NaN,NaN,NaN,NaN,NaN,NaN
445,12,13,contemptuous,male,tEGG,438,-0.151689498,0.280923411,-0.279497717,0.373252418,-0.146073059,0.346580701
446,12,14,miserable,male,tEGG,346,-0.310144509,0.318249254,-0.572456647,0.348967885,-0.397774566,0.344588755
447,12,15,annoyed,male,tEGG,NaN,NaN,NaN,NaN,NaN,NaN,NaN
448,12,16,enraged,male,tEGG,NaN,NaN,NaN,NaN,NaN,NaN,NaN
449,13,1,happy,female,tEGG,NaN,NaN,NaN,NaN,NaN,NaN,NaN
450,13,2,joyful,female,tEGG,NaN,NaN,NaN,NaN,NaN,NaN,NaN
451,13,3,mellow,female,tEGG,NaN,NaN,NaN,NaN,NaN,NaN,NaN
452,13,4,tranquil,female,tEGG,NaN,NaN,NaN,NaN,NaN,NaN,NaN
453,13,5,dark,female,tEGG,58,-0.412241379,0.331895371,-0.672931034,0.317003562,-0.483965517,0.35834385
454,13,6,depressed,female,tEGG,58,-0.453448276,0.354591694,-0.719310345,0.338463308,-0.535862069,0.375354964
455,13,7,worried,female,tEGG,NaN,NaN,NaN,NaN,NaN,NaN,NaN
456,13,8,frightened,female,tEGG,NaN,NaN,NaN,NaN,NaN,NaN,NaN
457,13,9,confident,female,tEGG,404,0.015668317,0.309414397,0.017153465,0.367799528,0.019356436,0.336567967
458,13,10,thrilled,female,tEGG,326,-0.072607362,0.346942175,0.245766871,0.369528424,0.121380368,0.342133932
459,13,11,satisfied,female,tEGG,NaN,NaN,NaN,NaN,NaN,NaN,NaN
460,13,12,serene,female,tEGG,NaN,NaN,NaN,NaN,NaN,NaN,NaN
461,13,13,contemptuous,female,tEGG,366,-0.296256831,0.330149704,-0.477021858,0.37906682,-0.305819672,0.395879822
462,13,14,miserable,female,tEGG,NaN,NaN,NaN,NaN,NaN,NaN,NaN
463,13,15,annoyed,female,tEGG,NaN,NaN,NaN,NaN,NaN,NaN,NaN
464,13,16,enraged,female,tEGG,NaN,NaN,NaN,NaN,NaN,NaN,NaN
465,14,1,happy,female,tEGG,NaN,NaN,NaN,NaN,NaN,NaN,NaN
466,14,2,joyful,female,tEGG,NaN,NaN,NaN,NaN,NaN,NaN,NaN
467,14,3,mellow,female,tEGG,496,-0.069254032,0.313007645,-0.256471774,0.397135515,-0.247540323,0.348213911
468,14,4,tranquil,female,tEGG,58,0.144482759,0.333804084,-0.228793103,0.408686718,-0.190172414,0.359612322
469,14,5,dark,female,tEGG,NaN,NaN,NaN,NaN,NaN,NaN,NaN
470,14,6,depressed,female,tEGG,446,-0.268542601,0.358644617,-0.613004484,0.339294622,-0.458363229,0.366686668
471,14,7,worried,female,tEGG,NaN,NaN,NaN,NaN,NaN,NaN,NaN
472,14,8,frightened,female,tEGG,324,-0.20558642,0.46575279,0.551234568,0.391890339,0.02845679,0.449553712
473,14,9,confident,female,tEGG,NaN,NaN,NaN,NaN,NaN,NaN,NaN
474,14,10,thrilled,female,tEGG,342,0.169385965,0.372818271,0.347836257,0.358574069,0.13751462,0.321209168
475,14,11,satisfied,female,tEGG,NaN,NaN,NaN,NaN,NaN,NaN,NaN
476,14,12,serene,female,tEGG,NaN,NaN,NaN,NaN,NaN,NaN,NaN
477,14,13,contemptuous,female,tEGG,NaN,NaN,NaN,NaN,NaN,NaN,NaN
478,14,14,miserable,female,tEGG,NaN,NaN,NaN,NaN,NaN,NaN,NaN
479,14,15,annoyed,female,tEGG,NaN,NaN,NaN,NaN,NaN,NaN,NaN
480,14,16,enraged,female,tEGG,58,-0.634655172,0.369652352,0.721724138,0.336942589,0.420517241,0.506056035
481,16,1,happy,male,tEGG,58,0.072931034,0.189875385,-0.076724138,0.269745741,-0.049137931,0.239438557
482,16,2,joyful,male,tEGG,58,0.145,0.399219634,0.498965517,0.39028415,0.247758621,0.381975673
483,16,3,mellow,male,tEGG,496,0.005383065,0.275192227,-0.035745968,0.359359486,-0.056209677,0.29411629
484,16,4,tranquil,male,tEGG,496,-0.140524194,0.327820669,-0.377399194,0.386141087,-0.212258065,0.325829078
485,16,5,dark,male,tEGG,NaN,NaN,NaN,NaN,NaN,NaN,NaN
486,16,6,depressed,male,tEGG,NaN,NaN,NaN,NaN,NaN,NaN,NaN
487,16,7,worried,male,tEGG,NaN,NaN,NaN,NaN,NaN,NaN,NaN
488,16,8,frightened,male,tEGG,NaN,NaN,NaN,NaN,NaN,NaN,NaN
489,16,9,confident,male,tEGG,NaN,NaN,NaN,NaN,NaN,NaN,NaN
490,16,10,thrilled,male,tEGG,NaN,NaN,NaN,NaN,NaN,NaN,NaN
491,16,11,satisfied,male,tEGG,NaN,NaN,NaN,NaN,NaN,NaN,NaN
492,16,12,serene,male,tEGG,58,0.050344828,0.303863806,-0.215344828,0.340928636,-0.126896552,0.331732332
493,16,13,contemptuous,male,tEGG,NaN,NaN,NaN,NaN,NaN,NaN,NaN
494,16,14,miserable,male,tEGG,NaN,NaN,NaN,NaN,NaN,NaN,NaN
495,16,15,annoyed,male,tEGG,NaN,NaN,NaN,NaN,NaN,NaN,NaN
496,16,16,enraged,male,tEGG,NaN,NaN,NaN,NaN,NaN,NaN,NaN
497,18,1,happy,female,tEGG,339,0.155516224,0.312137054,-0.048879056,0.365662138,-0.089174041,0.313785669
498,18,2,joyful,female,tEGG,NaN,NaN,NaN,NaN,NaN,NaN,NaN
499,18,3,mellow,female,tEGG,NaN,NaN,NaN,NaN,NaN,NaN,NaN
500,18,4,tranquil,female,tEGG,58,0.157413793,0.282573141,-0.248448276,0.367670723,-0.223103448,0.361649277
501,18,5,dark,female,tEGG,NaN,NaN,NaN,NaN,NaN,NaN,NaN
502,18,6,depressed,female,tEGG,319,-0.240689655,0.365545376,-0.645736677,0.347243421,-0.475956113,0.378019015
503,18,7,worried,female,tEGG,NaN,NaN,NaN,NaN,NaN,NaN,NaN
504,18,8,frightened,female,tEGG,58,-0.342241379,0.437268407,0.582758621,0.393351738,-0.027931034,0.489226954
505,18,9,confident,female,tEGG,NaN,NaN,NaN,NaN,NaN,NaN,NaN
506,18,10,thrilled,female,tEGG,NaN,NaN,NaN,NaN,NaN,NaN,NaN
507,18,11,satisfied,female,tEGG,NaN,NaN,NaN,NaN,NaN,NaN,NaN
508,18,12,serene,female,tEGG,NaN,NaN,NaN,NaN,NaN,NaN,NaN
509,18,13,contemptuous,female,tEGG,NaN,NaN,NaN,NaN,NaN,NaN,NaN
510,18,14,miserable,female,tEGG,359,-0.302144847,0.335492003,-0.504233983,0.356950791,-0.439387187,0.340061879
511,18,15,annoyed,female,tEGG,NaN,NaN,NaN,NaN,NaN,NaN,NaN
512,18,16,enraged,female,tEGG,NaN,NaN,NaN,NaN,NaN,NaN,NaN
513,21,1,happy,female,tEGG,NaN,NaN,NaN,NaN,NaN,NaN,NaN
514,21,2,joyful,female,tEGG,NaN,NaN,NaN,NaN,NaN,NaN,NaN
515,21,3,mellow,female,tEGG,NaN,NaN,NaN,NaN,NaN,NaN,NaN
516,21,4,tranquil,female,tEGG,NaN,NaN,NaN,NaN,NaN,NaN,NaN
517,21,5,dark,female,tEGG,NaN,NaN,NaN,NaN,NaN,NaN,NaN
518,21,6,depressed,female,tEGG,NaN,NaN,NaN,NaN,NaN,NaN,NaN
519,21,7,worried,female,tEGG,NaN,NaN,NaN,NaN,NaN,NaN,NaN
520,21,8,frightened,female,tEGG,496,-0.447842742,0.440215722,0.554879032,0.400375058,-0.260141129,0.490218855
521,21,9,confident,female,tEGG,NaN,NaN,NaN,NaN,NaN,NaN,NaN
522,21,10,thrilled,female,tEGG,NaN,NaN,NaN,NaN,NaN,NaN,NaN
523,21,11,satisfied,female,tEGG,NaN,NaN,NaN,NaN,NaN,NaN,NaN
524,21,12,serene,female,tEGG,NaN,NaN,NaN,NaN,NaN,NaN,NaN
525,21,13,contemptuous,female,tEGG,NaN,NaN,NaN,NaN,NaN,NaN,NaN
526,21,14,miserable,female,tEGG,NaN,NaN,NaN,NaN,NaN,NaN,NaN
527,21,15,annoyed,female,tEGG,NaN,NaN,NaN,NaN,NaN,NaN,NaN
528,21,16,enraged,female,tEGG,58,-0.606206897,0.438301457,0.827931034,0.239939748,0.584827586,0.44309217
529,22,1,happy,female,tEGG,NaN,NaN,NaN,NaN,NaN,NaN,NaN
530,22,2,joyful,female,tEGG,NaN,NaN,NaN,NaN,NaN,NaN,NaN
531,22,3,mellow,female,tEGG,NaN,NaN,NaN,NaN,NaN,NaN,NaN
532,22,4,tranquil,female,tEGG,NaN,NaN,NaN,NaN,NaN,NaN,NaN
533,22,5,dark,female,tEGG,NaN,NaN,NaN,NaN,NaN,NaN,NaN
534,22,6,depressed,female,tEGG,NaN,NaN,NaN,NaN,NaN,NaN,NaN
535,22,7,worried,female,tEGG,NaN,NaN,NaN,NaN,NaN,NaN,NaN
536,22,8,frightened,female,tEGG,NaN,NaN,NaN,NaN,NaN,NaN,NaN
537,22,9,confident,female,tEGG,NaN,NaN,NaN,NaN,NaN,NaN,NaN
538,22,10,thrilled,female,tEGG,NaN,NaN,NaN,NaN,NaN,NaN,NaN
539,22,11,satisfied,female,tEGG,NaN,NaN,NaN,NaN,NaN,NaN,NaN
540,22,12,serene,female,tEGG,NaN,NaN,NaN,NaN,NaN,NaN,NaN
541,22,13,contemptuous,female,tEGG,NaN,NaN,NaN,NaN,NaN,NaN,NaN
542,22,14,miserable,female,tEGG,NaN,NaN,NaN,NaN,NaN,NaN,NaN
543,22,15,annoyed,female,tEGG,NaN,NaN,NaN,NaN,NaN,NaN,NaN
544,22,16,enraged,female,tEGG,496,-0.48796371,0.524929323,0.792721774,0.276022344,0.552983871,0.415082282
545,23,1,happy,female,tEGG,NaN,NaN,NaN,NaN,NaN,NaN,NaN
546,23,2,joyful,female,tEGG,NaN,NaN,NaN,NaN,NaN,NaN,NaN
547,23,3,mellow,female,tEGG,NaN,NaN,NaN,NaN,NaN,NaN,NaN
548,23,4,tranquil,female,tEGG,496,0.109979839,0.258145288,0.057076613,0.30014024,-0.017157258,0.276187214
549,23,5,dark,female,tEGG,804,-0.168743781,0.294492897,-0.334651741,0.367935918,-0.24659204,0.333148799
550,23,6,depressed,female,tEGG,NaN,NaN,NaN,NaN,NaN,NaN,NaN
551,23,7,worried,female,tEGG,NaN,NaN,NaN,NaN,NaN,NaN,NaN
552,23,8,frightened,female,tEGG,NaN,NaN,NaN,NaN,NaN,NaN,NaN
553,23,9,confident,female,tEGG,438,0.078789954,0.287774776,0.148424658,0.302384169,0.059383562,0.285462143
554,23,10,thrilled,female,tEGG,NaN,NaN,NaN,NaN,NaN,NaN,NaN
555,23,11,satisfied,female,tEGG,NaN,NaN,NaN,NaN,NaN,NaN,NaN
556,23,12,serene,female,tEGG,NaN,NaN,NaN,NaN,NaN,NaN,NaN
557,23,13,contemptuous,female,tEGG,58,-0.256896552,0.391448981,0.149482759,0.442593721,0.21637931,0.438212871
558,23,14,miserable,female,tEGG,313,-0.188242812,0.311848981,-0.325495208,0.394162323,-0.268306709,0.355569255
559,23,15,annoyed,female,tEGG,NaN,NaN,NaN,NaN,NaN,NaN,NaN
560,23,16,enraged,female,tEGG,322,-0.325031056,0.479287015,0.695248447,0.288363252,0.413602484,0.421503839
561,28,1,happy,male,tEGG,345,0.145478261,0.299352723,-0.033710145,0.369054618,-0.064,0.298433312
562,28,2,joyful,male,tEGG,496,0.248608871,0.339342621,0.235181452,0.318203872,0.064919355,0.291150268
563,28,3,mellow,male,tEGG,58,0.018275862,0.243196101,-0.243275862,0.387580837,-0.149137931,0.323279709
564,28,4,tranquil,male,tEGG,NaN,NaN,NaN,NaN,NaN,NaN,NaN
565,28,5,dark,male,tEGG,NaN,NaN,NaN,NaN,NaN,NaN,NaN
566,28,6,depressed,male,tEGG,NaN,NaN,NaN,NaN,NaN,NaN,NaN
567,28,7,worried,male,tEGG,NaN,NaN,NaN,NaN,NaN,NaN,NaN
568,28,8,frightened,male,tEGG,NaN,NaN,NaN,NaN,NaN,NaN,NaN
569,28,9,confident,male,tEGG,58,0.125689655,0.265165371,-0.021896552,0.390566197,-0.01362069,0.300208689
570,28,10,thrilled,male,tEGG,NaN,NaN,NaN,NaN,NaN,NaN,NaN
571,28,11,satisfied,male,tEGG,496,0.023951613,0.268504481,-0.103125,0.347121078,-0.067721774,0.296874376
572,28,12,serene,male,tEGG,58,0.020862069,0.293582138,-0.441896552,0.333221684,-0.267241379,0.312498663
573,28,13,contemptuous,male,tEGG,NaN,NaN,NaN,NaN,NaN,NaN,NaN
574,28,14,miserable,male,tEGG,NaN,NaN,NaN,NaN,NaN,NaN,NaN
575,28,15,annoyed,male,tEGG,58,-0.135344828,0.319617181,0.185344828,0.363203174,0.112758621,0.327380851
576,28,16,enraged,male,tEGG,NaN,NaN,NaN,NaN,NaN,NaN,NaN
577,30,1,happy,female,tEGG,NaN,NaN,NaN,NaN,NaN,NaN,NaN
578,30,2,joyful,female,tEGG,58,0.123275862,0.308893827,0.381724138,0.287439623,0.171724138,0.26089682
579,30,3,mellow,female,tEGG,NaN,NaN,NaN,NaN,NaN,NaN,NaN
580,30,4,tranquil,female,tEGG,NaN,NaN,NaN,NaN,NaN,NaN,NaN
581,30,5,dark,female,tEGG,356,-0.288820225,0.338179486,-0.647977528,0.337198666,-0.468286517,0.367855815
582,30,6,depressed,female,tEGG,NaN,NaN,NaN,NaN,NaN,NaN,NaN
583,30,7,worried,female,tEGG,314,-0.249394904,0.32261999,-0.256847134,0.38353484,-0.354617834,0.33005278
584,30,8,frightened,female,tEGG,NaN,NaN,NaN,NaN,NaN,NaN,NaN
585,30,9,confident,female,tEGG,314,-0.033757962,0.314698322,0.024044586,0.346501287,0.005127389,0.341493828
586,30,10,thrilled,female,tEGG,496,0.342298387,0.43645491,0.552419355,0.288889538,0.287459677,0.365507808
587,30,11,satisfied,female,tEGG,496,0.124455645,0.30148405,0.007620968,0.33781231,-0.059294355,0.31097193
588,30,12,serene,female,tEGG,496,-0.140504032,0.328380704,-0.405967742,0.368928932,-0.274818548,0.331306516
589,30,13,contemptuous,female,tEGG,NaN,NaN,NaN,NaN,NaN,NaN,NaN
590,30,14,miserable,female,tEGG,NaN,NaN,NaN,NaN,NaN,NaN,NaN
591,30,15,annoyed,female,tEGG,NaN,NaN,NaN,NaN,NaN,NaN,NaN
592,30,16,enraged,female,tEGG,NaN,NaN,NaN,NaN,NaN,NaN,NaN
593,35,1,happy,male,tEGG,58,0.061551724,0.226427648,0.010689655,0.311024691,0.08362069,0.252299587
594,35,2,joyful,male,tEGG,362,-0.086685083,0.377201468,0.138977901,0.432475711,0.111381215,0.368846782
595,35,3,mellow,male,tEGG,NaN,NaN,NaN,NaN,NaN,NaN,NaN
596,35,4,tranquil,male,tEGG,NaN,NaN,NaN,NaN,NaN,NaN,NaN
597,35,5,dark,male,tEGG,NaN,NaN,NaN,NaN,NaN,NaN,NaN
598,35,6,depressed,male,tEGG,NaN,NaN,NaN,NaN,NaN,NaN,NaN
599,35,7,worried,male,tEGG,NaN,NaN,NaN,NaN,NaN,NaN,NaN
600,35,8,frightened,male,tEGG,58,-0.329137931,0.34560034,0.273448276,0.398138439,-0.080689655,0.375185858
601,35,9,confident,male,tEGG,NaN,NaN,NaN,NaN,NaN,NaN,NaN
602,35,10,thrilled,male,tEGG,481,-0.19997921,0.347442141,-0.021559252,0.376904969,0.056486486,0.377271902
603,35,11,satisfied,male,tEGG,NaN,NaN,NaN,NaN,NaN,NaN,NaN
604,35,12,serene,male,tEGG,NaN,NaN,NaN,NaN,NaN,NaN,NaN
605,35,13,contemptuous,male,tEGG,NaN,NaN,NaN,NaN,NaN,NaN,NaN
606,35,14,miserable,male,tEGG,NaN,NaN,NaN,NaN,NaN,NaN,NaN
607,35,15,annoyed,male,tEGG,58,-0.110862069,0.264178863,0.305,0.383516737,0.292758621,0.406529139
608,35,16,enraged,male,tEGG,NaN,NaN,NaN,NaN,NaN,NaN,NaN
609,37,1,happy,male,tEGG,NaN,NaN,NaN,NaN,NaN,NaN,NaN
610,37,2,joyful,male,tEGG,NaN,NaN,NaN,NaN,NaN,NaN,NaN
611,37,3,mellow,male,tEGG,NaN,NaN,NaN,NaN,NaN,NaN,NaN
612,37,4,tranquil,male,tEGG,NaN,NaN,NaN,NaN,NaN,NaN,NaN
613,37,5,dark,male,tEGG,NaN,NaN,NaN,NaN,NaN,NaN,NaN
614,37,6,depressed,male,tEGG,NaN,NaN,NaN,NaN,NaN,NaN,NaN
615,37,7,worried,male,tEGG,NaN,NaN,NaN,NaN,NaN,NaN,NaN
616,37,8,frightened,male,tEGG,NaN,NaN,NaN,NaN,NaN,NaN,NaN
617,37,9,confident,male,tEGG,326,-0.110644172,0.302456429,-0.133190184,0.387931327,-0.093312883,0.33307436
618,37,10,thrilled,male,tEGG,NaN,NaN,NaN,NaN,NaN,NaN,NaN
619,37,11,satisfied,male,tEGG,NaN,NaN,NaN,NaN,NaN,NaN,NaN
620,37,12,serene,male,tEGG,NaN,NaN,NaN,NaN,NaN,NaN,NaN
621,37,13,contemptuous,male,tEGG,NaN,NaN,NaN,NaN,NaN,NaN,NaN
622,37,14,miserable,male,tEGG,58,-0.178448276,0.379615695,-0.39362069,0.439268524,-0.254310345,0.447723725
623,37,15,annoyed,male,tEGG,308,-0.141298701,0.329404163,0.258019481,0.331422223,0.158181818,0.306352833
624,37,16,enraged,male,tEGG,NaN,NaN,NaN,NaN,NaN,NaN,NaN
625,38,1,happy,male,tEGG,NaN,NaN,NaN,NaN,NaN,NaN,NaN
626,38,2,joyful,male,tEGG,341,-0.09058651,0.380690868,0.346099707,0.356616917,0.250909091,0.36445212
627,38,3,mellow,male,tEGG,NaN,NaN,NaN,NaN,NaN,NaN,NaN
628,38,4,tranquil,male,tEGG,NaN,NaN,NaN,NaN,NaN,NaN,NaN
629,38,5,dark,male,tEGG,438,-0.347853881,0.337517463,-0.648652968,0.322712705,-0.407808219,0.379657487
630,38,6,depressed,male,tEGG,NaN,NaN,NaN,NaN,NaN,NaN,NaN
631,38,7,worried,male,tEGG,496,-0.28828629,0.298173712,-0.262520161,0.397600759,-0.176592742,0.365268247
632,38,8,frightened,male,tEGG,317,-0.286466877,0.412408958,0.507823344,0.370174429,0.148801262,0.428597006
633,38,9,confident,male,tEGG,316,-0.123924051,0.337380828,-0.167848101,0.396551551,-0.069208861,0.370097809
634,38,10,thrilled,male,tEGG,NaN,NaN,NaN,NaN,NaN,NaN,NaN
635,38,11,satisfied,male,tEGG,NaN,NaN,NaN,NaN,NaN,NaN,NaN
636,38,12,serene,male,tEGG,496,0.025342742,0.389010508,-0.159879032,0.436429482,-0.036229839,0.362881425
637,38,13,contemptuous,male,tEGG,336,-0.277261905,0.337970594,-0.565,0.348486707,-0.335505952,0.384009927
638,38,14,miserable,male,tEGG,NaN,NaN,NaN,NaN,NaN,NaN,NaN
639,38,15,annoyed,male,tEGG,811,-0.214623921,0.338002776,0.230616523,0.34687688,0.196300863,0.358160773
640,38,16,enraged,male,tEGG,NaN,NaN,NaN,NaN,NaN,NaN,NaN
641,40,1,happy,female,tEGG,NaN,NaN,NaN,NaN,NaN,NaN,NaN
642,40,2,joyful,female,tEGG,NaN,NaN,NaN,NaN,NaN,NaN,NaN
643,40,3,mellow,female,tEGG,NaN,NaN,NaN,NaN,NaN,NaN,NaN
644,40,4,tranquil,female,tEGG,NaN,NaN,NaN,NaN,NaN,NaN,NaN
645,40,5,dark,female,tEGG,NaN,NaN,NaN,NaN,NaN,NaN,NaN
646,40,6,depressed,female,tEGG,58,-0.313793103,0.345039167,-0.759310345,0.308106054,-0.558103448,0.35350107
647,40,7,worried,female,tEGG,NaN,NaN,NaN,NaN,NaN,NaN,NaN
648,40,8,frightened,female,tEGG,NaN,NaN,NaN,NaN,NaN,NaN,NaN
649,40,9,confident,female,tEGG,NaN,NaN,NaN,NaN,NaN,NaN,NaN
650,40,10,thrilled,female,tEGG,329,0.206930091,0.390044554,0.394164134,0.359557634,0.195775076,0.337037069
651,40,11,satisfied,female,tEGG,NaN,NaN,NaN,NaN,NaN,NaN,NaN
652,40,12,serene,female,tEGG,NaN,NaN,NaN,NaN,NaN,NaN,NaN
653,40,13,contemptuous,female,tEGG,NaN,NaN,NaN,NaN,NaN,NaN,NaN
654,40,14,miserable,female,tEGG,NaN,NaN,NaN,NaN,NaN,NaN,NaN
655,40,15,annoyed,female,tEGG,311,-0.089485531,0.28909602,0.138392283,0.34533946,0.088456592,0.331217009
656,40,16,enraged,female,tEGG,NaN,NaN,NaN,NaN,NaN,NaN,NaN
657,42,1,happy,female,tEGG,496,0.07046371,0.274573658,-0.017681452,0.325838262,-0.058407258,0.303815606
658,42,2,joyful,female,tEGG,NaN,NaN,NaN,NaN,NaN,NaN,NaN
659,42,3,mellow,female,tEGG,NaN,NaN,NaN,NaN,NaN,NaN,NaN
660,42,4,tranquil,female,tEGG,NaN,NaN,NaN,NaN,NaN,NaN,NaN
661,42,5,dark,female,tEGG,392,-0.203647959,0.302599494,-0.530739796,0.360813536,-0.398469388,0.342473632
662,42,6,depressed,female,tEGG,818,-0.343569682,0.330381584,-0.661198044,0.319694288,-0.502738386,0.348267729
663,42,7,worried,female,tEGG,NaN,NaN,NaN,NaN,NaN,NaN,NaN
664,42,8,frightened,female,tEGG,336,-0.468839286,0.433266136,0.611547619,0.342797949,-0.176428571,0.486720718
665,42,9,confident,female,tEGG,NaN,NaN,NaN,NaN,NaN,NaN,NaN
666,42,10,thrilled,female,tEGG,NaN,NaN,NaN,NaN,NaN,NaN,NaN
667,42,11,satisfied,female,tEGG,58,0.172413793,0.239182162,0.107068966,0.366457717,0.023103448,0.319650066
668,42,12,serene,female,tEGG,NaN,NaN,NaN,NaN,NaN,NaN,NaN
669,42,13,contemptuous,female,tEGG,496,-0.116189516,0.267068251,-0.172600806,0.371500221,-0.135564516,0.331369494
670,42,14,miserable,female,tEGG,NaN,NaN,NaN,NaN,NaN,NaN,NaN
671,42,15,annoyed,female,tEGG,337,-0.022077151,0.323788704,0.028456973,0.362203892,-0.090445104,0.315927552
672,42,16,enraged,female,tEGG,NaN,NaN,NaN,NaN,NaN,NaN,NaN
673,43,1,happy,male,tEGG,361,0.029722992,0.315255506,-0.127451524,0.426234336,-0.133601108,0.357263203
674,43,2,joyful,male,tEGG,NaN,NaN,NaN,NaN,NaN,NaN,NaN
675,43,3,mellow,male,tEGG,NaN,NaN,NaN,NaN,NaN,NaN,NaN
676,43,4,tranquil,male,tEGG,NaN,NaN,NaN,NaN,NaN,NaN,NaN
677,43,5,dark,male,tEGG,NaN,NaN,NaN,NaN,NaN,NaN,NaN
678,43,6,depressed,male,tEGG,333,-0.270990991,0.342525054,-0.675675676,0.360439712,-0.419339339,0.393278063
679,43,7,worried,male,tEGG,NaN,NaN,NaN,NaN,NaN,NaN,NaN
680,43,8,frightened,male,tEGG,NaN,NaN,NaN,NaN,NaN,NaN,NaN
681,43,9,confident,male,tEGG,58,0.107586207,0.245094399,0.064310345,0.300998992,0.060862069,0.21513182
682,43,10,thrilled,male,tEGG,438,0.221073059,0.361274744,0.249223744,0.36156707,0.124086758,0.313349019
683,43,11,satisfied,male,tEGG,NaN,NaN,NaN,NaN,NaN,NaN,NaN
684,43,12,serene,male,tEGG,NaN,NaN,NaN,NaN,NaN,NaN,NaN
685,43,13,contemptuous,male,tEGG,NaN,NaN,NaN,NaN,NaN,NaN,NaN
686,43,14,miserable,male,tEGG,496,-0.39453629,0.340417727,-0.753427419,0.315513285,-0.514737903,0.372198942
687,43,15,annoyed,male,tEGG,58,-0.057758621,0.231282034,0.157586207,0.317381338,0.155689655,0.343986495
688,43,16,enraged,male,tEGG,NaN,NaN,NaN,NaN,NaN,NaN,NaN
689,44,1,happy,female,tEGG,NaN,NaN,NaN,NaN,NaN,NaN,NaN
690,44,2,joyful,female,tEGG,438,0.143515982,0.352959328,0.272054795,0.322294941,0.027305936,0.330680669
691,44,3,mellow,female,tEGG,NaN,NaN,NaN,NaN,NaN,NaN,NaN
692,44,4,tranquil,female,tEGG,NaN,NaN,NaN,NaN,NaN,NaN,NaN
693,44,5,dark,female,tEGG,NaN,NaN,NaN,NaN,NaN,NaN,NaN
694,44,6,depressed,female,tEGG,NaN,NaN,NaN,NaN,NaN,NaN,NaN
695,44,7,worried,female,tEGG,374,-0.058636364,0.323968375,-0.032540107,0.403414671,-0.175481283,0.330978982
696,44,8,frightened,female,tEGG,NaN,NaN,NaN,NaN,NaN,NaN,NaN
697,44,9,confident,female,tEGG,NaN,NaN,NaN,NaN,NaN,NaN,NaN
698,44,10,thrilled,female,tEGG,58,0.23362069,0.381583489,0.337758621,0.32237084,0.113275862,0.352735615
699,44,11,satisfied,female,tEGG,NaN,NaN,NaN,NaN,NaN,NaN,NaN
700,44,12,serene,female,tEGG,NaN,NaN,NaN,NaN,NaN,NaN,NaN
701,44,13,contemptuous,female,tEGG,NaN,NaN,NaN,NaN,NaN,NaN,NaN
702,44,14,miserable,female,tEGG,NaN,NaN,NaN,NaN,NaN,NaN,NaN
703,44,15,annoyed,female,tEGG,NaN,NaN,NaN,NaN,NaN,NaN,NaN
704,44,16,enraged,female,tEGG,322,-0.400341615,0.419117387,0.481832298,0.381992721,0.37673913,0.38032154